<annotation>
	<folder>faces_with_labels</folder>
	<filename>amb_image (13).png</filename>
	<path>C:\Users\Equip\Desktop\faces_with_labels\amb_image (13).png</path>
	<source>
		<database>Unknown</database>
	</source>
	<size>
		<width>600</width>
		<height>600</height>
		<depth>3</depth>
	</size>
	<segmented>0</segmented>
	<object>
		<name>f2</name>
		<pose>Unspecified</pose>
		<truncated>0</truncated>
		<difficult>0</difficult>
		<bndbox>
			<xmin>157</xmin>
			<ymin>19</ymin>
			<xmax>361</xmax>
			<ymax>234</ymax>
		</bndbox>
	</object>
</annotation>
