<annotation>
	<folder>faces_with_labels</folder>
	<filename>amb_image (2).png</filename>
	<path>C:\Users\Equip\Desktop\faces_with_labels\amb_image (2).png</path>
	<source>
		<database>Unknown</database>
	</source>
	<size>
		<width>600</width>
		<height>600</height>
		<depth>3</depth>
	</size>
	<segmented>0</segmented>
	<object>
		<name>f2</name>
		<pose>Unspecified</pose>
		<truncated>0</truncated>
		<difficult>0</difficult>
		<bndbox>
			<xmin>52</xmin>
			<ymin>115</ymin>
			<xmax>356</xmax>
			<ymax>502</ymax>
		</bndbox>
	</object>
</annotation>
