<annotation>
	<folder>faces_with_labels</folder>
	<filename>image2 (5).png</filename>
	<path>C:\Users\Equip\Desktop\faces_with_labels\image2 (5).png</path>
	<source>
		<database>Unknown</database>
	</source>
	<size>
		<width>600</width>
		<height>600</height>
		<depth>3</depth>
	</size>
	<segmented>0</segmented>
	<object>
		<name>f3</name>
		<pose>Unspecified</pose>
		<truncated>0</truncated>
		<difficult>0</difficult>
		<bndbox>
			<xmin>255</xmin>
			<ymin>140</ymin>
			<xmax>497</xmax>
			<ymax>517</ymax>
		</bndbox>
	</object>
</annotation>
