<annotation>
	<folder>faces_with_labels</folder>
	<filename>slk_image (30).png</filename>
	<path>C:\Users\Equip\Desktop\faces_with_labels\slk_image (30).png</path>
	<source>
		<database>Unknown</database>
	</source>
	<size>
		<width>600</width>
		<height>600</height>
		<depth>3</depth>
	</size>
	<segmented>0</segmented>
	<object>
		<name>f1</name>
		<pose>Unspecified</pose>
		<truncated>0</truncated>
		<difficult>0</difficult>
		<bndbox>
			<xmin>234</xmin>
			<ymin>91</ymin>
			<xmax>492</xmax>
			<ymax>446</ymax>
		</bndbox>
	</object>
</annotation>
