<annotation>
	<folder>faces_2</folder>
	<filename>5a784eaa32e40.png</filename>
	<path>C:\Users\Equip\Desktop\faces_2\5a784eaa32e40.png</path>
	<source>
		<database>Unknown</database>
	</source>
	<size>
		<width>600</width>
		<height>600</height>
		<depth>3</depth>
	</size>
	<segmented>0</segmented>
	<object>
		<name>f1</name>
		<pose>Unspecified</pose>
		<truncated>0</truncated>
		<difficult>0</difficult>
		<bndbox>
			<xmin>192</xmin>
			<ymin>12</ymin>
			<xmax>388</xmax>
			<ymax>200</ymax>
		</bndbox>
	</object>
</annotation>
