<annotation>
	<folder>faces_2</folder>
	<filename>image (9).png</filename>
	<path>C:\Users\Equip\Desktop\faces_2\image (9).png</path>
	<source>
		<database>Unknown</database>
	</source>
	<size>
		<width>600</width>
		<height>600</height>
		<depth>3</depth>
	</size>
	<segmented>0</segmented>
	<object>
		<name>f1</name>
		<pose>Unspecified</pose>
		<truncated>0</truncated>
		<difficult>0</difficult>
		<bndbox>
			<xmin>185</xmin>
			<ymin>99</ymin>
			<xmax>413</xmax>
			<ymax>411</ymax>
		</bndbox>
	</object>
</annotation>
