<annotation>
	<folder>faces_2</folder>
	<filename>slk_image (15).png</filename>
	<path>C:\Users\Equip\Desktop\faces_2\slk_image (15).png</path>
	<source>
		<database>Unknown</database>
	</source>
	<size>
		<width>600</width>
		<height>600</height>
		<depth>3</depth>
	</size>
	<segmented>0</segmented>
	<object>
		<name>f1</name>
		<pose>Unspecified</pose>
		<truncated>0</truncated>
		<difficult>0</difficult>
		<bndbox>
			<xmin>163</xmin>
			<ymin>90</ymin>
			<xmax>406</xmax>
			<ymax>385</ymax>
		</bndbox>
	</object>
</annotation>
