<annotation>
	<folder>faces</folder>
	<filename>amb_image (3).png</filename>
	<path>C:\Users\Equip\Desktop\faces\amb_image (3).png</path>
	<source>
		<database>Unknown</database>
	</source>
	<size>
		<width>389</width>
		<height>401</height>
		<depth>3</depth>
	</size>
	<segmented>0</segmented>
	<object>
		<name>f5</name>
		<pose>Unspecified</pose>
		<truncated>0</truncated>
		<difficult>0</difficult>
		<bndbox>
			<xmin>157</xmin>
			<ymin>50</ymin>
			<xmax>281</xmax>
			<ymax>224</ymax>
		</bndbox>
	</object>
</annotation>
