<annotation>
	<folder>faces</folder>
	<filename>amb_image (1).png</filename>
	<path>C:\Users\Equip\Desktop\faces\amb_image (1).png</path>
	<source>
		<database>Unknown</database>
	</source>
	<size>
		<width>220</width>
		<height>310</height>
		<depth>3</depth>
	</size>
	<segmented>0</segmented>
	<object>
		<name>f5</name>
		<pose>Unspecified</pose>
		<truncated>0</truncated>
		<difficult>0</difficult>
		<bndbox>
			<xmin>56</xmin>
			<ymin>47</ymin>
			<xmax>170</xmax>
			<ymax>181</ymax>
		</bndbox>
	</object>
</annotation>
