<annotation>
	<folder>faces</folder>
	<filename>amb_image (23).jpg</filename>
	<path>C:\Users\Equip\Desktop\faces\amb_image (23).jpg</path>
	<source>
		<database>Unknown</database>
	</source>
	<size>
		<width>225</width>
		<height>225</height>
		<depth>3</depth>
	</size>
	<segmented>0</segmented>
	<object>
		<name>f5</name>
		<pose>Unspecified</pose>
		<truncated>0</truncated>
		<difficult>0</difficult>
		<bndbox>
			<xmin>53</xmin>
			<ymin>55</ymin>
			<xmax>160</xmax>
			<ymax>192</ymax>
		</bndbox>
	</object>
</annotation>
