<annotation>
	<folder>faces</folder>
	<filename>image2 (4).jpg</filename>
	<path>C:\Users\Equip\Desktop\faces\image2 (4).jpg</path>
	<source>
		<database>Unknown</database>
	</source>
	<size>
		<width>680</width>
		<height>489</height>
		<depth>3</depth>
	</size>
	<segmented>0</segmented>
	<object>
		<name>f3</name>
		<pose>Unspecified</pose>
		<truncated>0</truncated>
		<difficult>0</difficult>
		<bndbox>
			<xmin>252</xmin>
			<ymin>11</ymin>
			<xmax>561</xmax>
			<ymax>399</ymax>
		</bndbox>
	</object>
</annotation>
