<annotation>
	<folder>faces</folder>
	<filename>image (1).jpg</filename>
	<path>C:\Users\Equip\Desktop\faces\image (1).jpg</path>
	<source>
		<database>Unknown</database>
	</source>
	<size>
		<width>339</width>
		<height>474</height>
		<depth>3</depth>
	</size>
	<segmented>0</segmented>
	<object>
		<name>f3</name>
		<pose>Unspecified</pose>
		<truncated>0</truncated>
		<difficult>0</difficult>
		<bndbox>
			<xmin>32</xmin>
			<ymin>110</ymin>
			<xmax>293</xmax>
			<ymax>392</ymax>
		</bndbox>
	</object>
</annotation>
