<annotation>
	<folder>faces</folder>
	<filename>image3 (3).jpg</filename>
	<path>C:\Users\Equip\Desktop\faces\image3 (3).jpg</path>
	<source>
		<database>Unknown</database>
	</source>
	<size>
		<width>564</width>
		<height>846</height>
		<depth>3</depth>
	</size>
	<segmented>0</segmented>
	<object>
		<name>f3</name>
		<pose>Unspecified</pose>
		<truncated>0</truncated>
		<difficult>0</difficult>
		<bndbox>
			<xmin>131</xmin>
			<ymin>118</ymin>
			<xmax>401</xmax>
			<ymax>435</ymax>
		</bndbox>
	</object>
</annotation>
