<annotation>
	<folder>faces</folder>
	<filename>slk_image (12).jpg</filename>
	<path>C:\Users\Equip\Desktop\faces\slk_image (12).jpg</path>
	<source>
		<database>Unknown</database>
	</source>
	<size>
		<width>850</width>
		<height>546</height>
		<depth>3</depth>
	</size>
	<segmented>0</segmented>
	<object>
		<name>f4</name>
		<pose>Unspecified</pose>
		<truncated>0</truncated>
		<difficult>0</difficult>
		<bndbox>
			<xmin>347</xmin>
			<ymin>123</ymin>
			<xmax>490</xmax>
			<ymax>301</ymax>
		</bndbox>
	</object>
</annotation>
