<annotation>
	<folder>faces</folder>
	<filename>slk_image (24).jpg</filename>
	<path>C:\Users\Equip\Desktop\faces\slk_image (24).jpg</path>
	<source>
		<database>Unknown</database>
	</source>
	<size>
		<width>750</width>
		<height>1125</height>
		<depth>3</depth>
	</size>
	<segmented>0</segmented>
	<object>
		<name>f4</name>
		<pose>Unspecified</pose>
		<truncated>0</truncated>
		<difficult>0</difficult>
		<bndbox>
			<xmin>280</xmin>
			<ymin>202</ymin>
			<xmax>476</xmax>
			<ymax>471</ymax>
		</bndbox>
	</object>
</annotation>
