<annotation>
	<folder>faces</folder>
	<filename>slk_image (17).jpg</filename>
	<path>C:\Users\Equip\Desktop\faces\slk_image (17).jpg</path>
	<source>
		<database>Unknown</database>
	</source>
	<size>
		<width>1920</width>
		<height>1080</height>
		<depth>3</depth>
	</size>
	<segmented>0</segmented>
	<object>
		<name>f4</name>
		<pose>Unspecified</pose>
		<truncated>0</truncated>
		<difficult>0</difficult>
		<bndbox>
			<xmin>846</xmin>
			<ymin>97</ymin>
			<xmax>1203</xmax>
			<ymax>652</ymax>
		</bndbox>
	</object>
</annotation>
