<annotation>
	<folder>faces</folder>
	<filename>20190929_111143.jpg</filename>
	<path>C:\Users\Equip\Desktop\faces\20190929_111143.jpg</path>
	<source>
		<database>Unknown</database>
	</source>
	<size>
		<width>2160</width>
		<height>2160</height>
		<depth>3</depth>
	</size>
	<segmented>0</segmented>
	<object>
		<name>f2</name>
		<pose>Unspecified</pose>
		<truncated>0</truncated>
		<difficult>0</difficult>
		<bndbox>
			<xmin>140</xmin>
			<ymin>1117</ymin>
			<xmax>1174</xmax>
			<ymax>2008</ymax>
		</bndbox>
	</object>
</annotation>
