<annotation>
	<folder>faces</folder>
	<filename>amb_image (24).jpg</filename>
	<path>C:\Users\Equip\Desktop\faces\amb_image (24).jpg</path>
	<source>
		<database>Unknown</database>
	</source>
	<size>
		<width>640</width>
		<height>450</height>
		<depth>3</depth>
	</size>
	<segmented>0</segmented>
	<object>
		<name>f5</name>
		<pose>Unspecified</pose>
		<truncated>0</truncated>
		<difficult>0</difficult>
		<bndbox>
			<xmin>201</xmin>
			<ymin>61</ymin>
			<xmax>392</xmax>
			<ymax>283</ymax>
		</bndbox>
	</object>
</annotation>
