<annotation>
	<folder>faces</folder>
	<filename>amb_image (2).png</filename>
	<path>C:\Users\Equip\Desktop\faces\amb_image (2).png</path>
	<source>
		<database>Unknown</database>
	</source>
	<size>
		<width>700</width>
		<height>400</height>
		<depth>3</depth>
	</size>
	<segmented>0</segmented>
	<object>
		<name>f5</name>
		<pose>Unspecified</pose>
		<truncated>0</truncated>
		<difficult>0</difficult>
		<bndbox>
			<xmin>227</xmin>
			<ymin>57</ymin>
			<xmax>376</xmax>
			<ymax>265</ymax>
		</bndbox>
	</object>
	<object>
		<name>f5</name>
		<pose>Unspecified</pose>
		<truncated>0</truncated>
		<difficult>0</difficult>
		<bndbox>
			<xmin>123</xmin>
			<ymin>48</ymin>
			<xmax>369</xmax>
			<ymax>324</ymax>
		</bndbox>
	</object>
</annotation>
