<annotation>
	<folder>faces</folder>
	<filename>image (2).jpg</filename>
	<path>C:\Users\Equip\Desktop\faces\image (2).jpg</path>
	<source>
		<database>Unknown</database>
	</source>
	<size>
		<width>1543</width>
		<height>2142</height>
		<depth>3</depth>
	</size>
	<segmented>0</segmented>
	<object>
		<name>f3</name>
		<pose>Unspecified</pose>
		<truncated>0</truncated>
		<difficult>0</difficult>
		<bndbox>
			<xmin>183</xmin>
			<ymin>144</ymin>
			<xmax>1256</xmax>
			<ymax>1395</ymax>
		</bndbox>
	</object>
</annotation>
