<annotation>
	<folder>faces</folder>
	<filename>image (8).jpg</filename>
	<path>C:\Users\Equip\Desktop\faces\image (8).jpg</path>
	<source>
		<database>Unknown</database>
	</source>
	<size>
		<width>630</width>
		<height>500</height>
		<depth>3</depth>
	</size>
	<segmented>0</segmented>
	<object>
		<name>f3</name>
		<pose>Unspecified</pose>
		<truncated>0</truncated>
		<difficult>0</difficult>
		<bndbox>
			<xmin>91</xmin>
			<ymin>32</ymin>
			<xmax>522</xmax>
			<ymax>484</ymax>
		</bndbox>
	</object>
</annotation>
