<annotation>
	<folder>faces</folder>
	<filename>image3 (5).jpg</filename>
	<path>C:\Users\Equip\Desktop\faces\image3 (5).jpg</path>
	<source>
		<database>Unknown</database>
	</source>
	<size>
		<width>1000</width>
		<height>562</height>
		<depth>3</depth>
	</size>
	<segmented>0</segmented>
	<object>
		<name>f3</name>
		<pose>Unspecified</pose>
		<truncated>0</truncated>
		<difficult>0</difficult>
		<bndbox>
			<xmin>344</xmin>
			<ymin>110</ymin>
			<xmax>576</xmax>
			<ymax>409</ymax>
		</bndbox>
	</object>
</annotation>
