<annotation>
	<folder>faces</folder>
	<filename>image (6).jpg</filename>
	<path>C:\Users\Equip\Desktop\faces\image (6).jpg</path>
	<source>
		<database>Unknown</database>
	</source>
	<size>
		<width>600</width>
		<height>401</height>
		<depth>3</depth>
	</size>
	<segmented>0</segmented>
	<object>
		<name>f3</name>
		<pose>Unspecified</pose>
		<truncated>0</truncated>
		<difficult>0</difficult>
		<bndbox>
			<xmin>190</xmin>
			<ymin>59</ymin>
			<xmax>422</xmax>
			<ymax>331</ymax>
		</bndbox>
	</object>
</annotation>
