<annotation>
	<folder>faces</folder>
	<filename>image (10).jpg</filename>
	<path>C:\Users\Equip\Desktop\faces\image (10).jpg</path>
	<source>
		<database>Unknown</database>
	</source>
	<size>
		<width>759</width>
		<height>422</height>
		<depth>3</depth>
	</size>
	<segmented>0</segmented>
	<object>
		<name>f3</name>
		<pose>Unspecified</pose>
		<truncated>0</truncated>
		<difficult>0</difficult>
		<bndbox>
			<xmin>206</xmin>
			<ymin>6</ymin>
			<xmax>566</xmax>
			<ymax>389</ymax>
		</bndbox>
	</object>
</annotation>
