<annotation>
	<folder>faces</folder>
	<filename>image (7).jpg</filename>
	<path>C:\Users\Equip\Desktop\faces\image (7).jpg</path>
	<source>
		<database>Unknown</database>
	</source>
	<size>
		<width>630</width>
		<height>420</height>
		<depth>3</depth>
	</size>
	<segmented>0</segmented>
	<object>
		<name>f3</name>
		<pose>Unspecified</pose>
		<truncated>0</truncated>
		<difficult>0</difficult>
		<bndbox>
			<xmin>166</xmin>
			<ymin>39</ymin>
			<xmax>390</xmax>
			<ymax>304</ymax>
		</bndbox>
	</object>
</annotation>
