<annotation>
	<folder>faces</folder>
	<filename>image2 (1).png</filename>
	<path>C:\Users\Equip\Desktop\faces\image2 (1).png</path>
	<source>
		<database>Unknown</database>
	</source>
	<size>
		<width>602</width>
		<height>493</height>
		<depth>3</depth>
	</size>
	<segmented>0</segmented>
	<object>
		<name>f3</name>
		<pose>Unspecified</pose>
		<truncated>0</truncated>
		<difficult>0</difficult>
		<bndbox>
			<xmin>154</xmin>
			<ymin>14</ymin>
			<xmax>383</xmax>
			<ymax>316</ymax>
		</bndbox>
	</object>
</annotation>
