<annotation>
	<folder>faces</folder>
	<filename>image (3).jpg</filename>
	<path>C:\Users\Equip\Desktop\faces\image (3).jpg</path>
	<source>
		<database>Unknown</database>
	</source>
	<size>
		<width>800</width>
		<height>480</height>
		<depth>3</depth>
	</size>
	<segmented>0</segmented>
	<object>
		<name>f3</name>
		<pose>Unspecified</pose>
		<truncated>0</truncated>
		<difficult>0</difficult>
		<bndbox>
			<xmin>233</xmin>
			<ymin>108</ymin>
			<xmax>536</xmax>
			<ymax>432</ymax>
		</bndbox>
	</object>
</annotation>
