<annotation>
	<folder>faces</folder>
	<filename>slk_image (9).jpg</filename>
	<path>C:\Users\Equip\Desktop\faces\slk_image (9).jpg</path>
	<source>
		<database>Unknown</database>
	</source>
	<size>
		<width>621</width>
		<height>414</height>
		<depth>3</depth>
	</size>
	<segmented>0</segmented>
	<object>
		<name>f4</name>
		<pose>Unspecified</pose>
		<truncated>0</truncated>
		<difficult>0</difficult>
		<bndbox>
			<xmin>209</xmin>
			<ymin>52</ymin>
			<xmax>432</xmax>
			<ymax>347</ymax>
		</bndbox>
	</object>
	<object>
		<name>f4</name>
		<pose>Unspecified</pose>
		<truncated>0</truncated>
		<difficult>0</difficult>
		<bndbox>
			<xmin>210</xmin>
			<ymin>51</ymin>
			<xmax>434</xmax>
			<ymax>349</ymax>
		</bndbox>
	</object>
</annotation>
