<annotation>
	<folder>faces</folder>
	<filename>slk_image (1).jpg</filename>
	<path>C:\Users\Equip\Desktop\faces\slk_image (1).jpg</path>
	<source>
		<database>Unknown</database>
	</source>
	<size>
		<width>1200</width>
		<height>780</height>
		<depth>3</depth>
	</size>
	<segmented>0</segmented>
	<object>
		<name>f4</name>
		<pose>Unspecified</pose>
		<truncated>0</truncated>
		<difficult>0</difficult>
		<bndbox>
			<xmin>469</xmin>
			<ymin>76</ymin>
			<xmax>752</xmax>
			<ymax>458</ymax>
		</bndbox>
	</object>
</annotation>
