<annotation>
	<folder>faces</folder>
	<filename>amb_image (20).jpg</filename>
	<path>C:\Users\Equip\Desktop\faces\amb_image (20).jpg</path>
	<source>
		<database>Unknown</database>
	</source>
	<size>
		<width>1491</width>
		<height>2048</height>
		<depth>3</depth>
	</size>
	<segmented>0</segmented>
	<object>
		<name>f5</name>
		<pose>Unspecified</pose>
		<truncated>0</truncated>
		<difficult>0</difficult>
		<bndbox>
			<xmin>290</xmin>
			<ymin>467</ymin>
			<xmax>1194</xmax>
			<ymax>1587</ymax>
		</bndbox>
	</object>
</annotation>
