<annotation>
	<folder>faces</folder>
	<filename>image (5).jpg</filename>
	<path>C:\Users\Equip\Desktop\faces\image (5).jpg</path>
	<source>
		<database>Unknown</database>
	</source>
	<size>
		<width>640</width>
		<height>480</height>
		<depth>3</depth>
	</size>
	<segmented>0</segmented>
	<object>
		<name>f3</name>
		<pose>Unspecified</pose>
		<truncated>0</truncated>
		<difficult>0</difficult>
		<bndbox>
			<xmin>180</xmin>
			<ymin>103</ymin>
			<xmax>459</xmax>
			<ymax>401</ymax>
		</bndbox>
	</object>
</annotation>
