<annotation>
	<folder>faces</folder>
	<filename>image3 (8).jpg</filename>
	<path>C:\Users\Equip\Desktop\faces\image3 (8).jpg</path>
	<source>
		<database>Unknown</database>
	</source>
	<size>
		<width>959</width>
		<height>320</height>
		<depth>3</depth>
	</size>
	<segmented>0</segmented>
	<object>
		<name>f3</name>
		<pose>Unspecified</pose>
		<truncated>0</truncated>
		<difficult>0</difficult>
		<bndbox>
			<xmin>411</xmin>
			<ymin>34</ymin>
			<xmax>592</xmax>
			<ymax>251</ymax>
		</bndbox>
	</object>
</annotation>
