<annotation>
	<folder>faces</folder>
	<filename>image3 (2).jpg</filename>
	<path>C:\Users\Equip\Desktop\faces\image3 (2).jpg</path>
	<source>
		<database>Unknown</database>
	</source>
	<size>
		<width>500</width>
		<height>750</height>
		<depth>3</depth>
	</size>
	<segmented>0</segmented>
	<object>
		<name>f3</name>
		<pose>Unspecified</pose>
		<truncated>0</truncated>
		<difficult>0</difficult>
		<bndbox>
			<xmin>161</xmin>
			<ymin>113</ymin>
			<xmax>324</xmax>
			<ymax>315</ymax>
		</bndbox>
	</object>
</annotation>
