<annotation>
	<folder>faces</folder>
	<filename>image2 (7).jpg</filename>
	<path>C:\Users\Equip\Desktop\faces\image2 (7).jpg</path>
	<source>
		<database>Unknown</database>
	</source>
	<size>
		<width>600</width>
		<height>429</height>
		<depth>3</depth>
	</size>
	<segmented>0</segmented>
	<object>
		<name>f3</name>
		<pose>Unspecified</pose>
		<truncated>0</truncated>
		<difficult>0</difficult>
		<bndbox>
			<xmin>178</xmin>
			<ymin>60</ymin>
			<xmax>356</xmax>
			<ymax>297</ymax>
		</bndbox>
	</object>
</annotation>
