<annotation>
	<folder>faces</folder>
	<filename>slk_image (22).jpg</filename>
	<path>C:\Users\Equip\Desktop\faces\slk_image (22).jpg</path>
	<source>
		<database>Unknown</database>
	</source>
	<size>
		<width>800</width>
		<height>800</height>
		<depth>3</depth>
	</size>
	<segmented>0</segmented>
	<object>
		<name>f4</name>
		<pose>Unspecified</pose>
		<truncated>0</truncated>
		<difficult>0</difficult>
		<bndbox>
			<xmin>399</xmin>
			<ymin>37</ymin>
			<xmax>607</xmax>
			<ymax>332</ymax>
		</bndbox>
	</object>
</annotation>
