<annotation>
	<folder>faces</folder>
	<filename>slk_image (26).jpg</filename>
	<path>C:\Users\Equip\Desktop\faces\slk_image (26).jpg</path>
	<source>
		<database>Unknown</database>
	</source>
	<size>
		<width>600</width>
		<height>450</height>
		<depth>3</depth>
	</size>
	<segmented>0</segmented>
	<object>
		<name>f4</name>
		<pose>Unspecified</pose>
		<truncated>0</truncated>
		<difficult>0</difficult>
		<bndbox>
			<xmin>200</xmin>
			<ymin>43</ymin>
			<xmax>352</xmax>
			<ymax>284</ymax>
		</bndbox>
	</object>
</annotation>
